% Model,MF_IV_curve_estimation_10k_11k.mph
% Version,COMSOL 6.1.0.282
% Date,"Oct 22 2025, 22:25"
% Dimension,1
% Nodes,10
% Expressions,1
% Description,Histogram
% Particle kinetic energy (eV),Particle kinetic energy
9.007516455687746,59
26.924987925037264,96
44.84245939438679,126
62.759930863736315,146
80.67740233308584,129
98.59487380243536,115
116.51234527178488,115
134.4298167411344,91
152.3472882104839,79
170.26475968879217,31
